[{"id":0,"url":"https://www.register.com.np","port":{"80":"","443":""},"ip":"202.51.3.33","tech":{"PHP":"7.2.31","CentOS":"null","Laravel":"null","Bootstrap":"3.3.7","OpenSSL":"1.0.2k","Apache":"2.4.6","jQuery":"3.1.1","Select2":"null","Let's Encrypt":"null"},"contentLength":"5.535 KB","status":"200","pageTitle":"Nepal's official .np Domain Registration"},{"id":1,"url":"https://register.com.np","port":{"80":"","443":""},"ip":"202.51.3.33","tech":{"PHP":"7.2.31","CentOS":"null","Laravel":"null","Bootstrap":"3.3.7","OpenSSL":"1.0.2k","Apache":"2.4.6","jQuery":"3.1.1","Select2":"null","Let's Encrypt":"null"},"contentLength":"5.535 KB","status":"200","pageTitle":"Nepal's official .np Domain Registration"}]